www.dailydot.com,yellow
www.mirror.co.uk,yellow
www.thefreethoughtproject.com,yellow
www.dailymail.co.uk,yellow
www.nypost.com,yellow
www.inquisitr.com,yellow
www.gq.com,yellow
www.elle.com,yellow
www.abovethelaw.com,yellow
www.wired.com,yellow
www.glamour.com,yellow
www.hollywoodlife.com,yellow
www.theatlantic.com,yellow
www.theverge.com,yellow
www.futurism.com,yellow
www.independent.co.uk,yellow
www.washingtonpost.com,yellow
www.miamiherald.com,yellow
www.insidehighered.com,yellow
www.vice.com,yellow
www.nymag.com,yellow
www.people.cn,yellow
www.thebulwark.com,yellow
www.tmz.com,yellow
www.india.com,yellow
www.fortune.com,yellow
www.dividedwefall.com,yellow
www.unherd.com,yellow
www.newser.com,yellow
www.capitolweekly.net,yellow
www.newsweek.com,yellow
www.radiotimes.com,yellow
www.complex.com,yellow
www.upworthy.com,yellow
www.reason.com,yellow
www.tabletmag.com,yellow
www.torontosun.com,yellow
www.sputnikglobe.com,yellow
www.nationalinterest.org,yellow
www.bostonherald.com,yellow
www.quillette.com,yellow
www.yellowhammernews.com,yellow
www.foxbusiness.com,yellow