www.propublica.com,green
www.jsonline.com,green
www.themarshallproject.org,green
www.phoenixnewtimes.com,green
www.sfchronicle.com,green
www.orlandosentinel.com,green
www.atlantablackstar.com,green
www.foreignaffairs.com,green
www.sun-sentinel.com,green
www.cjr.com,green
www.harpersbazaar.com,green
www.ecowatch.com,green
www.stltoday.com,green
www.sacbee.com,green
www.courthousenews.com,green
www.texasobserver.org,green
www.grist.org,green
www.hcn.org,green
www.sfexaminer.org,green
www.villagevoice.com,green
www.fivethirtyeight.com,green
www.theskimm.com,green
www.latimes.com,green
www.cnn.com,green
www.azcentral.com,green
www.bostonglobe.com,green
www.poynter.com,green
www.aljazeera.com,green
www.religionnews.com,green
www.ebony.com,green
www.nowthisnews.com,green
www.time.com,green
www.nytimes.com,green
www.fastcompany.com,green
www.bust.com,green
www.seattletimes.com,green
www.forward.com,green
www.nydailynews.com,green
www.theguardian.com,green
www.mashable.com,green
www.indystar.com,green
www.livescience.com,green
www.pewresearch.org,green
www.usafacts.org,green
www.stripes.com,green
www.bgov.com,green
www.metrotimes.com,green
www.observer.com,green
www.justsecurity.com,green
www.cbc.ca,green
www.sentinelcolorado.com,green
www.freep.com,green
www.kansascity.com,green
www.nbcnews.com,green
www.politico.com,green
www.people.com,green
www.bet.com,green
www.irishtimes.com,green
www.deadline.com,green
www.theconversation.com,green
www.247wallst.com,green
www.variety.com,green
www.usatoday.com,green
www.businessinsider.com,green
www.bgr.com,green
www.forbes.com,green
www.cnet.com,green
www.billboard.com,green
www.scmp.com,green
www.punchbowl.news,green
www.cbsnews.com,green
www.bloomberg.com,green
www.ibtimes.com,green
www.goodnewsnetwork.org,green
www.economist.com,green
www.thehill.com,green
www.news.sky.com,green
www.travelweekly.com,green
www.alreporter.com,green
www.verafiles.org,green
www.sfgate.com,green
www.oxygen.com,green
www.theglobeandmail.com,green
www.cnbc.com,green
www.dallasnews.com,green
www.scrippsnews.com,green
www.inquirer.net,green
www.bbc.com,green
www.nbclosangeles.com,green
www.smh.com.au,green
www.404media.co,green
www.cleveland.com,green
www.reuters.com,green
www.barrons.com,green
www.techcrunch.com,green
www.morningbrew.com,green
www.upi.com,green
www.popsci.com,green
www.cleveland19.com,green
www.dailyherald.com,green
www.join1440.com,green
www.adn.com,green
www.aspentimes.com,green
www.augustachronicle.com,green
www.hawaiinewsnow.com,green
www.wtop.com,green
www.bnonews.com,green
www.alaskapublic.org,green
www.militarytimes.com,green
www.chron.com,green
www.scitechdaily.com,green
www.the-scientist.com,green
www.news-medical.net,green
www.post-gazette.com,green
www.triblive.com,green
www.courant.com,green
www.sandiegouniontribune.com,green
www.al.com,green
www.govexec.com,green
www.tucson.com,green
www.detroitnews.com,green
www.wacotrib.com,green
www.weather.com,green
www.factcheck.org,green
www.virginislandsdailynews.com,green
www.sltrib.com,green
www.bringmethenews.com,green
www.tennessean.com,green
www.sciencenews.com,green
www.afp.com,green
www.nola.com,green
www.buffalonews.com,green
www.newsday.com,green
www.civilbeat.org,green
www.syracuse.com,green
www.coloradosun.com,green
www.montanafreepress.org,green
www.oregonlive.com,green
www.patch.com,green
www.rollcall.com,green
www.voanews.com,green
www.startribune.com,green
www.nativenewsonline.net,green
www.texastribune.org,green
www.suntimes.com,green
www.asianjournal.com,green
www.theadvocate.com,green
www.11alive.com,green
www.lawandcrime.com,green
www.smithsonianmag.com,green
www.wvgazettemail.com,green
www.khn.org,green
www.ottawacitizen.com,green
www.nationalgeographic.com,green
www.tampabay.com,green
www.ctpost.com,green
www.denverpost.com,green
www.abcnews.go.com,green
www.delawareonline.com,green
www.arstechnica.com,green
www.al-monitor.com,green
www.apnews.com,green
www.staradvertiser.com,green
www.channelnewsasia.com,green
www.ajc.com,green
www.politifact.com,green
www.ft.com,green
www.undark.org,green
www.houstonchronicle.com,green
www.chicagotribune.com,green
www.globalnews.ca,green
www.baltimoresun.com,green
www.adl.org,green
www.qz.com,green
www.thefiscaltimes.com,green
www.pbs.org,green
www.npr.org,green
www.foreignpolicy.com,green
www.seattlepi.com,green
www.snopes.com,green
www.mercurynews.com,green
www.engadget.com,green
www.csmonitor.com,green
www.statsnews.com,green
www.laweekly.com,green
www.nj.com,green
www.usnews.com,green
www.heavy.com,green
www.qctimes.com,green
www.axios.com,green
www.edweek.org,green
www.washingtonian.com,green
www.rttnews.com,green
www.beaconjournal.com,green
www.policemag.com,green
www.nationalpost.com,green
www.readtangle.com,green
www.san.com,green
www.floridapolitics.com,green
www.theeveningtimes.com,green
www.azcapitoltimes.com,green
www.deseret.com,green
www.americanactionforum.org,green
www.reviewjournal.com,green
www.breaking911.com,green
www.wsj.com,green
www.policetribune.com,green
www.christianitytoday.com,green
www.thedispatch.com,green
www.cato.org,green
www.ocregister.com,green
www.thecentersquare.com,green
www.newsnationnow.com,green
www.defensenews.com,green
www.breakingdefense.com,green
www.c4isrnet.com,green
www.borderreport.com,green
www.arkansasonline.com,green
www.laconiadailysun.com,green
www.airforcetimes.com,green
www.armytimes.com,green
www.wng.org,green
